Customer_ID,Age,Annual_Income,Recency_Days,Frequency_Orders,Monetary_Spend
CUST-1001,56,22871.07,5,15,2848.82
CUST-1002,69,59069.27,4,21,4601.69
CUST-1003,46,39872.99,3,16,3820.65
CUST-1004,32,26554.93,6,19,2124.3
CUST-1005,60,42068.54,10,17,2084.1
CUST-1006,25,33369.04,12,24,1825.47
CUST-1007,38,88742.83,7,18,3183.41
CUST-1008,56,72632.8,14,14,1726.99
CUST-1009,36,54840.55,10,15,1684.81
CUST-1010,40,84598.88,8,13,3597.79
CUST-1011,28,56547.37,3,28,3727.72
CUST-1012,28,37774.32,3,24,4110.74
CUST-1013,41,85462.48,10,17,2234.45
CUST-1014,53,65778.2,4,27,2807.12
CUST-1015,57,34255.08,14,28,3019.07
CUST-1016,41,51193.23,2,28,3593.79
CUST-1017,20,37487.63,11,26,4994.22
CUST-1018,39,27344.01,12,24,2107.18
CUST-1019,19,73523.55,6,15,3236.58
CUST-1020,41,93188.33,11,26,2934.67
CUST-1021,61,27028.65,14,22,4089.95
CUST-1022,47,66259.38,10,27,2210.28
CUST-1023,55,41987.15,4,21,2670.79
CUST-1024,19,45257.49,13,22,1584.67
CUST-1025,38,43152.12,14,24,3941.85
CUST-1026,50,37720.18,11,24,4239.04
CUST-1027,29,55970.43,3,21,4484.55
CUST-1028,39,38381.0,10,16,4446.77
CUST-1029,61,60409.14,5,28,3023.13
CUST-1030,42,53995.24,5,15,1967.18
CUST-1031,66,50221.04,4,18,4663.7
CUST-1032,44,36848.73,3,12,4230.75
CUST-1033,59,43464.57,4,17,1700.48
CUST-1034,45,70107.82,14,23,1973.74
CUST-1035,33,65018.34,4,15,1546.91
CUST-1036,32,35448.9,8,23,1656.08
CUST-1037,64,56986.65,6,18,2364.43
CUST-1038,68,70027.74,12,25,2373.41
CUST-1039,61,21611.89,6,21,4456.76
CUST-1040,69,65867.2,6,23,2047.34
CUST-1041,20,41747.52,4,22,1719.29
CUST-1042,54,66411.97,10,22,1987.36
CUST-1043,68,39734.82,4,29,2938.83
CUST-1044,24,18902.36,7,17,4649.42
CUST-1045,38,22449.15,2,22,4871.88
CUST-1046,26,55961.7,7,21,4397.54
CUST-1047,56,60194.45,8,25,4057.87
CUST-1048,35,36913.67,10,29,2007.38
CUST-1049,21,67771.85,7,16,3478.66
CUST-1050,42,21769.6,3,23,2723.27
CUST-1051,31,53678.4,9,12,2029.36
CUST-1052,67,30779.68,4,21,1810.94
CUST-1053,26,41963.28,6,12,3331.87
CUST-1054,43,55947.97,13,13,2913.92
CUST-1055,19,37791.73,11,20,4270.95
CUST-1056,37,47308.89,1,28,3645.15
CUST-1057,45,75125.86,14,17,4464.22
CUST-1058,64,43462.16,10,16,4809.94
CUST-1059,24,71713.84,9,13,1841.47
CUST-1060,61,32405.86,3,18,3409.01
CUST-1061,25,65596.08,8,26,3293.76
CUST-1062,64,83831.37,12,21,4923.22
CUST-1063,52,15000.0,3,28,2204.77
CUST-1064,31,39062.09,7,15,4148.63
CUST-1065,34,66541.44,6,26,2217.08
CUST-1066,53,50939.09,5,26,4578.54
CUST-1067,67,62422.92,12,25,2335.79
CUST-1068,57,42920.3,9,19,4947.46
CUST-1069,21,56731.8,10,28,1595.09
CUST-1070,19,51886.46,9,14,4682.27
CUST-1071,23,78355.64,1,21,3242.34
CUST-1072,59,60088.42,6,18,3798.73
CUST-1073,21,61752.05,9,29,1826.93
CUST-1074,46,46762.46,5,22,2213.18
CUST-1075,35,45247.88,10,19,2504.98
CUST-1076,43,46348.84,12,20,3521.58
CUST-1077,61,62889.04,5,19,4292.7
CUST-1078,51,46580.31,14,19,3320.67
CUST-1079,27,60795.5,12,17,4276.41
CUST-1080,53,96508.02,7,27,4500.13
CUST-1081,31,72422.49,3,29,2090.99
CUST-1082,48,48479.53,6,12,3593.39
CUST-1083,65,79024.28,7,19,4628.96
CUST-1084,32,46838.49,12,27,2032.36
CUST-1085,25,15000.0,4,17,4887.15
CUST-1086,31,34838.27,3,20,4312.61
CUST-1087,40,17584.16,14,27,4959.46
CUST-1088,57,47969.73,13,24,2630.54
CUST-1089,38,55368.37,12,17,4929.24
CUST-1090,33,88528.75,11,16,3459.14
CUST-1091,62,61538.55,1,15,4017.74
CUST-1092,35,50617.99,2,16,4907.1
CUST-1093,64,71588.11,12,20,4366.72
CUST-1094,41,15000.0,2,17,3985.85
CUST-1095,43,59712.29,12,22,4654.54
CUST-1096,42,70417.3,12,23,2599.21
CUST-1097,62,25428.28,8,13,4367.39
CUST-1098,58,77875.08,12,27,3992.05
CUST-1099,46,61769.93,8,12,2339.56
CUST-1100,32,46694.24,4,13,2717.79
CUST-1101,62,67655.64,2,22,3779.02
CUST-1102,18,100413.86,6,28,4445.07
CUST-1103,42,58637.33,11,26,2388.91
CUST-1104,24,59964.41,1,27,1872.2
CUST-1105,26,45812.78,3,19,1513.36
CUST-1106,41,38003.11,7,17,4495.08
CUST-1107,18,71606.72,12,12,4429.64
CUST-1108,61,37878.32,7,14,3929.53
CUST-1109,25,56431.32,9,26,2568.59
CUST-1110,41,45446.85,5,14,4171.04
CUST-1111,28,64579.6,5,25,4157.37
CUST-1112,68,61673.24,4,23,2314.67
CUST-1113,34,75750.8,9,14,1706.83
CUST-1114,25,44799.67,2,12,4559.79
CUST-1115,52,49602.5,11,13,3064.69
CUST-1116,52,35424.73,6,25,4525.97
CUST-1117,50,46114.13,8,14,2944.66
CUST-1118,22,62546.01,14,28,1647.09
CUST-1119,59,70139.77,8,25,4713.27
CUST-1120,56,36556.69,7,27,3976.91
CUST-1121,58,72392.12,14,14,4138.87
CUST-1122,45,82112.76,9,24,4869.84
CUST-1123,24,63268.7,9,26,3074.45
CUST-1124,26,92535.92,8,17,1920.87
CUST-1125,25,39524.22,4,19,2421.61
CUST-1126,29,30106.91,9,12,3140.69
CUST-1127,51,19425.6,9,25,3594.25
CUST-1128,50,84920.89,3,20,2549.72
CUST-1129,65,68087.31,14,20,1668.5
CUST-1130,40,53888.31,4,19,4570.42
CUST-1131,41,60599.37,13,25,2691.42
CUST-1132,54,32490.22,8,27,2338.29
CUST-1133,52,103915.04,1,27,1621.35
CUST-1134,61,57584.42,3,22,4984.03
CUST-1135,57,57187.9,2,16,2383.08
CUST-1136,39,69515.33,5,14,3209.31
CUST-1137,44,64620.18,5,20,4683.69
CUST-1138,52,59477.68,4,14,4402.5
CUST-1139,18,39190.51,8,12,1588.0
CUST-1140,52,64429.37,7,26,1787.72
CUST-1141,54,92640.49,6,23,3125.52
CUST-1142,64,81908.4,9,19,4818.38
CUST-1143,31,86863.73,6,15,3867.49
CUST-1144,20,44775.69,12,15,2845.79
CUST-1145,18,35207.9,13,14,3782.78
CUST-1146,22,52484.26,2,13,3155.14
CUST-1147,43,56114.5,9,12,2441.36
CUST-1148,31,76883.83,6,17,4620.18
CUST-1149,56,21150.71,2,28,1639.18
CUST-1150,44,85591.01,6,19,2336.0
CUST-1151,26,51839.84,10,12,3076.63
CUST-1152,32,46462.38,13,28,3678.82
CUST-1153,32,34757.91,14,14,3066.14
CUST-1154,43,21902.87,4,28,3308.0
CUST-1155,59,71463.41,6,28,1526.82
CUST-1156,30,56466.36,14,19,1628.52
CUST-1157,68,29200.78,12,12,2686.01
CUST-1158,49,29098.42,5,28,2264.78
CUST-1159,56,48284.31,10,22,1655.36
CUST-1160,66,88380.43,9,20,4358.39
CUST-1161,69,49808.17,1,20,4363.72
CUST-1162,49,24937.14,5,18,3511.73
CUST-1163,21,50085.14,7,24,3863.97
CUST-1164,47,49545.53,14,22,1960.21
CUST-1165,54,15000.0,14,24,2881.02
CUST-1166,40,53914.1,12,23,4587.9
CUST-1167,56,50381.31,13,24,3627.67
CUST-1168,62,68924.13,1,24,4014.5
CUST-1169,32,91979.12,12,16,1505.48
CUST-1170,60,77531.3,11,25,1678.97
CUST-1171,46,49622.23,13,26,1708.34
CUST-1172,53,32869.48,4,29,2398.43
CUST-1173,30,106467.2,4,12,3096.83
CUST-1174,49,56184.37,2,16,1923.59
CUST-1175,24,55278.59,12,19,4129.12
CUST-1176,68,54517.5,1,23,1780.63
CUST-1177,39,58961.7,9,18,2944.36
CUST-1178,45,52112.79,13,20,3762.58
CUST-1179,19,43526.76,3,22,3595.42
CUST-1180,59,44062.82,14,29,1986.05
CUST-1181,62,54344.93,9,18,4557.95
CUST-1182,23,44131.5,4,17,1921.95
CUST-1183,45,40743.08,2,17,4401.56
CUST-1184,45,57128.6,14,19,4370.04
CUST-1185,61,49900.46,9,23,2532.64
CUST-1186,61,85079.86,1,24,2897.79
CUST-1187,37,15000.0,5,28,2256.18
CUST-1188,47,76830.14,9,17,4459.62
CUST-1189,28,79921.7,6,22,3004.76
CUST-1190,45,15000.0,3,24,2463.83
CUST-1191,42,48146.25,5,17,4261.45
CUST-1192,56,47571.18,12,23,4294.33
CUST-1193,50,26849.77,3,14,4501.47
CUST-1194,18,39443.67,9,19,4613.78
CUST-1195,44,32788.48,10,15,2875.41
CUST-1196,69,90045.41,8,18,3290.88
CUST-1197,30,73713.57,12,16,3760.09
CUST-1198,58,80431.1,5,12,2710.57
CUST-1199,20,69433.44,4,21,3760.38
CUST-1200,56,32418.96,12,14,2692.11
CUST-1201,23,44509.59,215,1,60.46
CUST-1202,25,64787.49,153,1,89.04
CUST-1203,44,30557.44,265,2,95.43
CUST-1204,26,69259.97,120,2,41.76
CUST-1205,54,50193.49,156,1,37.65
CUST-1206,50,47503.58,243,1,47.15
CUST-1207,68,69219.2,323,1,23.04
CUST-1208,59,63885.27,214,1,83.42
CUST-1209,61,47780.68,211,1,68.15
CUST-1210,41,78186.6,213,1,81.62
CUST-1211,32,33378.73,223,2,149.33
CUST-1212,49,67318.71,290,1,31.47
CUST-1213,49,66862.03,148,1,39.71
CUST-1214,41,48809.07,198,2,64.25
CUST-1215,58,61522.66,157,1,40.04
CUST-1216,69,29977.73,251,1,119.05
CUST-1217,66,73480.54,131,2,53.71
CUST-1218,66,51301.96,140,2,27.49
CUST-1219,69,44545.54,110,2,127.99
CUST-1220,29,75980.18,181,1,38.1
CUST-1221,56,40913.13,200,2,83.56
CUST-1222,19,26830.77,362,1,134.44
CUST-1223,20,23867.42,193,2,94.02
CUST-1224,66,67120.2,339,1,46.17
CUST-1225,54,29391.41,97,2,130.83
CUST-1226,66,90095.88,190,2,137.9
CUST-1227,34,15000.0,153,1,138.23
CUST-1228,66,88929.13,356,2,89.34
CUST-1229,19,59220.35,229,2,36.98
CUST-1230,19,53065.74,94,1,108.5
CUST-1231,45,44101.62,135,2,142.73
CUST-1232,40,62982.72,106,1,80.15
CUST-1233,54,54247.31,197,2,118.1
CUST-1234,49,77066.04,159,1,59.32
CUST-1235,50,57284.55,317,2,87.92
CUST-1236,18,58006.04,305,1,70.25
CUST-1237,36,47727.76,292,2,84.0
CUST-1238,19,53861.09,331,1,132.53
CUST-1239,61,61156.04,308,2,77.65
CUST-1240,43,20796.63,264,1,96.88
CUST-1241,49,28036.29,252,2,149.5
CUST-1242,23,69865.28,205,1,77.09
CUST-1243,49,58417.31,314,2,51.25
CUST-1244,21,51320.33,152,2,53.29
CUST-1245,28,55368.68,102,1,101.46
CUST-1246,34,61951.63,297,2,81.99
CUST-1247,55,44204.81,303,1,133.37
CUST-1248,41,39433.91,215,1,66.63
CUST-1249,22,58916.91,283,1,56.24
CUST-1250,69,35432.54,273,2,144.47
CUST-1251,51,63165.06,252,1,46.08
CUST-1252,23,20948.33,202,2,58.3
CUST-1253,39,75583.11,224,1,115.92
CUST-1254,28,64451.95,114,1,116.26
CUST-1255,65,60120.59,126,1,117.95
CUST-1256,33,74653.82,277,2,125.19
CUST-1257,50,88309.49,346,2,111.0
CUST-1258,26,75287.4,280,2,71.88
CUST-1259,23,18182.52,349,2,23.18
CUST-1260,33,29408.46,164,1,91.39
CUST-1261,46,42503.63,277,1,143.2
CUST-1262,20,55521.82,134,1,33.12
CUST-1263,37,65353.18,105,2,29.99
CUST-1264,53,40485.12,251,2,51.49
CUST-1265,36,58735.34,277,2,29.48
CUST-1266,43,39892.34,102,2,58.39
CUST-1267,20,42769.64,304,2,39.8
CUST-1268,36,26866.78,144,1,22.86
CUST-1269,37,36535.34,320,1,129.49
CUST-1270,49,27966.31,322,2,147.27
CUST-1271,24,35482.53,110,1,66.52
CUST-1272,69,76072.84,303,1,135.53
CUST-1273,58,36012.02,112,2,78.42
CUST-1274,50,107647.64,99,2,101.22
CUST-1275,57,64866.36,141,2,108.74
CUST-1276,56,58696.72,103,2,112.81
CUST-1277,35,37832.84,142,2,57.7
CUST-1278,57,69006.2,119,1,35.59
CUST-1279,18,43487.24,148,1,113.69
CUST-1280,28,57440.2,101,1,40.62
CUST-1281,45,106201.69,337,2,113.82
CUST-1282,42,53078.8,293,1,61.29
CUST-1283,67,77985.47,330,2,121.79
CUST-1284,40,40936.47,363,2,97.15
CUST-1285,48,54300.23,298,1,95.82
CUST-1286,47,90416.01,353,1,64.25
CUST-1287,59,42460.66,246,2,33.25
CUST-1288,52,91248.97,154,1,55.15
CUST-1289,24,69155.04,251,2,94.34
CUST-1290,33,43750.66,230,1,138.29
CUST-1291,43,67648.15,201,2,145.33
CUST-1292,65,74451.09,275,1,84.2
CUST-1293,69,67436.2,306,2,107.86
CUST-1294,66,23595.51,264,1,53.05
CUST-1295,19,40457.26,324,1,43.76
CUST-1296,18,50049.63,113,2,36.85
CUST-1297,65,53511.33,183,1,33.7
CUST-1298,29,67413.44,300,2,149.93
CUST-1299,22,58554.02,190,2,144.38
CUST-1300,54,28293.11,117,2,76.25
CUST-1301,49,62603.96,235,2,67.93
CUST-1302,26,67211.71,325,1,26.81
CUST-1303,58,66195.81,102,2,91.77
CUST-1304,52,76615.61,189,1,113.55
CUST-1305,36,71678.44,226,1,133.07
CUST-1306,65,64183.6,189,1,118.02
CUST-1307,33,53596.69,326,2,71.32
CUST-1308,20,21780.78,353,1,36.34
CUST-1309,37,63592.36,92,2,146.7
CUST-1310,41,59153.75,238,2,112.72
CUST-1311,50,60431.58,154,2,31.09
CUST-1312,41,29465.03,324,1,106.69
CUST-1313,69,33378.87,138,2,121.66
CUST-1314,28,76063.06,142,2,32.98
CUST-1315,66,54208.9,163,2,51.45
CUST-1316,25,68630.01,191,2,128.97
CUST-1317,53,55566.37,227,1,84.07
CUST-1318,55,55595.12,200,2,89.02
CUST-1319,57,73765.68,271,2,21.29
CUST-1320,37,44679.11,260,1,145.25
CUST-1321,52,56922.42,277,2,108.08
CUST-1322,65,45754.49,208,2,54.74
CUST-1323,42,46310.08,193,2,146.88
CUST-1324,52,48816.56,270,2,120.12
CUST-1325,42,59442.68,311,1,35.63
CUST-1326,46,45425.03,223,1,22.28
CUST-1327,35,80115.12,242,1,116.07
CUST-1328,63,37107.85,96,2,103.44
CUST-1329,35,51262.57,101,2,93.85
CUST-1330,19,46205.38,224,2,130.12
CUST-1331,52,83939.56,249,1,127.87
CUST-1332,33,58931.1,306,2,79.54
CUST-1333,58,75636.89,303,1,59.38
CUST-1334,53,25288.79,284,1,49.67
CUST-1335,50,60341.01,187,2,82.93
CUST-1336,21,72792.62,168,2,81.6
CUST-1337,50,56645.68,307,2,144.51
CUST-1338,31,76309.61,208,1,89.0
CUST-1339,38,44654.23,232,2,29.83
CUST-1340,65,83186.95,322,1,49.3
CUST-1341,37,100977.96,288,2,136.49
CUST-1342,25,47743.23,114,2,60.97
CUST-1343,24,46089.95,356,1,125.45
CUST-1344,20,84067.69,157,1,41.3
CUST-1345,34,86591.44,138,1,139.27
CUST-1346,50,44542.8,305,2,81.1
CUST-1347,65,46596.26,136,1,112.0
CUST-1348,29,49364.31,331,2,39.15
CUST-1349,68,28110.99,94,2,102.02
CUST-1350,39,36626.96,337,2,74.03
CUST-1351,39,34917.18,315,1,66.05
CUST-1352,63,39644.05,211,1,145.1
CUST-1353,47,54306.3,151,2,118.91
CUST-1354,55,59684.29,167,2,43.44
CUST-1355,55,86010.01,312,2,92.91
CUST-1356,62,35032.92,95,1,82.57
CUST-1357,68,74686.45,324,2,129.67
CUST-1358,25,50720.22,329,1,123.11
CUST-1359,44,54010.73,100,1,51.46
CUST-1360,44,68496.39,159,1,45.6
CUST-1361,51,32545.56,341,2,72.87
CUST-1362,38,62648.19,276,2,87.93
CUST-1363,47,58329.04,228,1,76.81
CUST-1364,50,64849.03,108,1,29.5
CUST-1365,45,60783.37,243,2,44.71
CUST-1366,64,104106.0,148,1,142.68
CUST-1367,50,42245.2,196,1,87.79
CUST-1368,22,44380.06,336,2,41.02
CUST-1369,65,42537.19,97,2,113.38
CUST-1370,36,43890.46,183,1,79.57
CUST-1371,21,42252.26,170,1,144.82
CUST-1372,52,78780.33,331,2,131.18
CUST-1373,66,83410.08,133,1,128.6
CUST-1374,34,43585.07,125,1,69.01
CUST-1375,61,38352.89,245,2,124.62
CUST-1376,45,64428.31,305,2,61.82
CUST-1377,47,43955.54,144,2,125.08
CUST-1378,46,67658.64,190,1,23.79
CUST-1379,63,59058.46,230,1,35.41
CUST-1380,23,24685.12,354,2,71.72
CUST-1381,52,85950.1,244,2,149.12
CUST-1382,58,90917.55,249,1,118.93
CUST-1383,54,42744.23,330,1,71.02
CUST-1384,41,47245.97,206,2,139.4
CUST-1385,46,60717.31,202,1,95.03
CUST-1386,66,61689.14,295,1,122.38
CUST-1387,63,68170.89,205,1,93.33
CUST-1388,48,95204.09,180,2,105.36
CUST-1389,52,51461.06,203,1,44.91
CUST-1390,50,39034.06,205,1,85.77
CUST-1391,69,27413.62,292,1,25.06
CUST-1392,38,40381.4,282,1,39.26
CUST-1393,49,54337.46,326,1,143.56
CUST-1394,40,90891.16,286,2,76.76
CUST-1395,50,44647.77,238,1,62.42
CUST-1396,20,59475.76,198,2,75.91
CUST-1397,35,54671.54,243,2,72.12
CUST-1398,42,78767.87,221,1,81.92
CUST-1399,59,105538.65,331,2,46.58
CUST-1400,48,44382.62,130,2,63.1
CUST-1401,20,45211.21,192,2,46.92
CUST-1402,57,75883.22,360,1,85.9
CUST-1403,63,68637.83,284,1,125.41
CUST-1404,41,91934.15,129,1,63.18
CUST-1405,67,66678.56,113,2,105.1
CUST-1406,49,47814.16,270,2,57.7
CUST-1407,64,66813.1,158,1,36.62
CUST-1408,39,77174.07,258,1,96.76
CUST-1409,40,71409.64,277,2,67.08
CUST-1410,19,65145.48,227,2,49.4
CUST-1411,44,76333.49,174,1,76.87
CUST-1412,59,78385.91,268,2,114.81
CUST-1413,19,82643.18,127,1,106.2
CUST-1414,43,67974.2,328,1,130.3
CUST-1415,34,51657.64,119,2,126.34
CUST-1416,57,57934.27,201,1,55.29
CUST-1417,50,79130.18,274,2,63.81
CUST-1418,26,38661.29,136,2,72.75
CUST-1419,60,62373.47,105,2,119.12
CUST-1420,65,47133.22,238,2,105.93
CUST-1421,56,55574.9,148,1,90.78
CUST-1422,46,80569.04,291,2,41.75
CUST-1423,59,58821.98,344,2,95.89
CUST-1424,43,55928.73,228,2,25.51
CUST-1425,52,27802.88,362,2,143.4
CUST-1426,67,69925.07,200,1,36.89
CUST-1427,42,67909.68,191,1,86.8
CUST-1428,41,98265.09,306,1,68.01
CUST-1429,30,48844.44,177,2,110.64
CUST-1430,24,59383.01,185,1,80.02
CUST-1431,53,59987.67,90,1,110.3
CUST-1432,62,86549.07,256,1,132.02
CUST-1433,37,53094.09,170,2,124.92
CUST-1434,18,60580.43,162,1,47.74
CUST-1435,25,67157.93,334,1,35.45
CUST-1436,63,58732.18,138,2,107.24
CUST-1437,33,46071.33,198,1,91.41
CUST-1438,31,58881.8,360,2,122.21
CUST-1439,29,76472.63,217,2,69.97
CUST-1440,68,34469.69,132,2,36.17
CUST-1441,40,57659.39,167,2,100.07
CUST-1442,32,40997.58,251,1,32.68
CUST-1443,45,78900.93,305,1,85.14
CUST-1444,51,24536.26,257,1,75.85
CUST-1445,19,43821.56,102,2,124.0
CUST-1446,49,62544.24,236,2,49.47
CUST-1447,40,86310.48,132,2,125.14
CUST-1448,39,53684.99,184,2,101.25
CUST-1449,68,43896.01,91,2,126.13
CUST-1450,42,92623.14,96,2,101.23
CUST-1451,39,26039.72,203,2,147.65
CUST-1452,39,15000.0,268,2,52.18
CUST-1453,66,63800.29,213,1,91.35
CUST-1454,69,44958.92,215,1,59.88
CUST-1455,59,34575.34,229,1,141.55
CUST-1456,23,69167.13,94,1,134.14
CUST-1457,32,59876.01,158,2,52.13
CUST-1458,60,43718.43,122,2,30.91
CUST-1459,54,29393.91,108,2,63.22
CUST-1460,50,72449.15,136,1,142.78
CUST-1461,25,68004.02,230,2,107.29
CUST-1462,61,53016.48,168,1,45.87
CUST-1463,61,91932.74,217,2,98.14
CUST-1464,22,33598.3,118,2,55.92
CUST-1465,56,24489.5,291,1,147.45
CUST-1466,21,41161.84,307,2,87.43
CUST-1467,23,54088.28,106,2,146.19
CUST-1468,62,59866.79,258,1,44.68
CUST-1469,49,50175.28,308,1,71.69
CUST-1470,69,62041.11,355,2,82.8
CUST-1471,47,29969.21,297,2,57.37
CUST-1472,64,83875.29,163,2,145.91
CUST-1473,52,53356.98,308,1,140.32
CUST-1474,57,77345.92,109,1,75.95
CUST-1475,69,61854.51,237,2,79.54
CUST-1476,33,64135.06,223,1,93.28
CUST-1477,30,66395.35,162,1,107.37
CUST-1478,67,63954.17,322,1,55.24
CUST-1479,59,67854.46,347,1,42.63
CUST-1480,47,81583.05,172,2,78.38
CUST-1481,36,58930.42,168,1,115.75
CUST-1482,34,69180.08,137,1,46.34
CUST-1483,36,53205.29,187,2,108.41
CUST-1484,45,83802.34,157,1,52.9
CUST-1485,43,41472.15,253,1,144.49
CUST-1486,54,91018.81,162,1,100.24
CUST-1487,43,54196.84,351,2,106.45
CUST-1488,40,26384.5,143,2,32.04
CUST-1489,26,57562.09,216,1,76.42
CUST-1490,29,41378.97,360,2,76.47
CUST-1491,18,71812.87,162,1,21.18
CUST-1492,18,41947.52,337,2,99.73
CUST-1493,64,46076.33,130,2,111.11
CUST-1494,51,17209.19,257,1,45.91
CUST-1495,49,45953.87,240,1,116.03
CUST-1496,65,15000.0,136,2,52.29
CUST-1497,42,23321.94,158,1,52.18
CUST-1498,57,70208.29,292,1,75.22
CUST-1499,62,70716.0,250,1,97.32
CUST-1500,18,63509.15,183,2,63.29
CUST-1501,33,35660.48,53,10,1022.98
CUST-1502,56,54045.77,74,10,744.25
CUST-1503,22,54927.95,61,6,816.78
CUST-1504,39,31832.71,80,10,937.92
CUST-1505,46,85067.97,23,6,970.74
CUST-1506,20,72547.25,88,8,784.45
CUST-1507,29,50580.72,54,4,1065.19
CUST-1508,43,55537.72,69,8,866.46
CUST-1509,33,59167.66,71,6,654.35
CUST-1510,68,15000.0,76,5,448.38
CUST-1511,54,50056.45,75,9,627.6
CUST-1512,39,41360.32,51,5,849.32
CUST-1513,46,34967.6,52,10,264.01
CUST-1514,31,49377.99,78,9,985.1
CUST-1515,45,90953.73,73,4,401.1
CUST-1516,22,67816.86,22,8,669.53
CUST-1517,64,43576.42,83,7,305.39
CUST-1518,66,66451.66,70,6,609.67
CUST-1519,47,82987.11,16,9,359.49
CUST-1520,63,73492.67,44,8,986.52
CUST-1521,69,56192.61,36,5,1081.69
CUST-1522,22,42061.26,62,7,646.2
CUST-1523,29,68964.47,83,8,207.96
CUST-1524,33,62869.71,27,7,643.31
CUST-1525,43,72903.86,38,4,556.89
CUST-1526,43,67703.44,78,5,1028.56
CUST-1527,65,75991.05,40,8,507.8
CUST-1528,38,44295.3,47,10,1152.82
CUST-1529,56,81347.88,51,9,554.42
CUST-1530,53,58951.99,73,10,431.78
CUST-1531,50,96505.22,76,4,277.64
CUST-1532,47,41216.24,50,10,393.86
CUST-1533,54,89719.28,20,5,1084.38
CUST-1534,40,58958.22,82,9,639.21
CUST-1535,27,41971.64,88,8,659.19
CUST-1536,22,45322.28,28,9,584.8
CUST-1537,53,48593.05,38,8,365.28
CUST-1538,51,63483.32,81,8,932.4
CUST-1539,69,65456.71,33,9,361.36
CUST-1540,48,43526.0,48,9,219.13
CUST-1541,27,54512.91,47,5,1081.66
CUST-1542,36,97845.41,25,10,305.35
CUST-1543,49,89550.86,51,5,719.22
CUST-1544,18,63726.47,43,6,445.35
CUST-1545,22,55760.07,62,9,467.6
CUST-1546,62,57400.63,30,9,1159.86
CUST-1547,21,67270.36,87,6,756.88
CUST-1548,33,34544.15,62,4,628.94
CUST-1549,41,49852.47,34,6,896.43
CUST-1550,33,21628.32,62,5,371.69
CUST-1551,19,62984.46,65,5,611.96
CUST-1552,66,67943.92,16,5,222.14
CUST-1553,45,45336.27,63,4,695.7
CUST-1554,49,86479.74,76,8,639.1
CUST-1555,44,30484.69,41,4,406.25
CUST-1556,37,25712.5,84,5,1095.67
CUST-1557,41,59489.04,22,5,707.81
CUST-1558,29,75941.97,68,4,218.12
CUST-1559,67,88678.55,32,6,269.05
CUST-1560,52,45822.31,18,10,1085.62
CUST-1561,50,76573.62,47,5,453.27
CUST-1562,50,54229.83,40,9,923.44
CUST-1563,68,51547.45,71,4,665.06
CUST-1564,60,72673.2,56,6,327.39
CUST-1565,54,68046.46,86,9,710.56
CUST-1566,29,23472.16,34,5,604.57
CUST-1567,20,84530.81,30,6,213.37
CUST-1568,18,82601.83,61,9,847.77
CUST-1569,50,42488.75,33,6,480.88
CUST-1570,57,62916.07,81,9,679.26
CUST-1571,27,64880.6,72,7,1047.93
CUST-1572,60,60213.48,72,4,274.11
CUST-1573,61,43993.9,81,8,1003.81
CUST-1574,46,41567.53,35,8,759.06
CUST-1575,30,54488.92,82,6,270.0
CUST-1576,29,78454.58,79,6,906.63
CUST-1577,48,65872.0,19,6,569.48
CUST-1578,63,47587.71,45,6,1031.37
CUST-1579,19,70433.97,64,4,205.31
CUST-1580,68,15000.0,76,10,248.66
CUST-1581,67,77975.31,51,4,783.71
CUST-1582,52,20205.72,60,9,1003.0
CUST-1583,40,47751.18,73,7,340.32
CUST-1584,34,32606.6,79,7,942.25
CUST-1585,43,29106.37,86,7,394.98
CUST-1586,25,78216.54,21,8,358.68
CUST-1587,46,45645.98,31,10,805.41
CUST-1588,43,61930.08,36,5,1089.13
CUST-1589,27,54061.59,77,5,506.9
CUST-1590,43,64540.82,76,8,912.78
CUST-1591,51,56536.44,31,6,385.37
CUST-1592,68,29340.16,74,5,624.85
CUST-1593,58,74925.34,25,7,945.75
CUST-1594,24,45124.87,17,5,582.8
CUST-1595,21,23868.36,38,5,1158.5
CUST-1596,67,46437.7,77,9,733.25
CUST-1597,62,85015.2,82,9,948.23
CUST-1598,28,72004.43,76,4,728.72
CUST-1599,46,48026.96,43,8,894.64
CUST-1600,53,48014.85,28,6,795.3
CUST-1601,42,48567.3,37,5,861.97
CUST-1602,38,96534.96,19,10,1183.31
CUST-1603,53,62638.71,48,7,417.23
CUST-1604,27,63600.83,52,10,464.0
CUST-1605,54,75605.67,36,6,1024.33
CUST-1606,26,59775.78,75,9,866.85
CUST-1607,41,49819.16,21,4,1097.92
CUST-1608,52,51073.0,74,10,1100.96
CUST-1609,66,53567.97,33,5,948.0
CUST-1610,52,54255.56,69,8,267.26
CUST-1611,65,69552.59,63,6,1198.89
CUST-1612,53,56038.92,58,8,948.18
CUST-1613,35,69652.8,76,5,205.72
CUST-1614,66,53385.67,50,10,240.35
CUST-1615,56,56572.7,28,4,1161.16
CUST-1616,49,15035.99,74,8,983.74
CUST-1617,41,73326.55,45,10,280.22
CUST-1618,40,61929.77,50,9,214.38
CUST-1619,49,74960.2,39,5,906.16
CUST-1620,54,15000.0,47,10,1037.12
CUST-1621,29,96767.49,73,6,1138.41
CUST-1622,66,52208.21,84,8,602.33
CUST-1623,30,77163.66,40,7,1190.68
CUST-1624,40,34201.88,34,6,876.13
CUST-1625,42,67255.48,76,6,778.84
CUST-1626,52,33931.69,63,6,1068.41
CUST-1627,58,42524.62,26,9,571.49
CUST-1628,47,93280.63,43,8,833.07
CUST-1629,34,51186.35,20,6,643.06
CUST-1630,66,59348.66,65,7,1061.05
CUST-1631,37,72401.35,57,7,1139.93
CUST-1632,65,64913.64,29,6,1149.2
CUST-1633,42,58008.38,76,5,562.43
CUST-1634,39,62299.22,69,5,310.06
CUST-1635,30,103068.31,36,7,700.36
CUST-1636,36,53847.62,56,6,897.14
CUST-1637,66,59021.98,69,5,754.69
CUST-1638,53,76013.09,80,10,799.3
CUST-1639,29,77110.52,30,7,242.34
CUST-1640,58,78740.61,62,4,1037.37
CUST-1641,36,67774.6,29,5,219.14
CUST-1642,29,32139.9,48,10,371.43
CUST-1643,26,87668.63,27,9,885.7
CUST-1644,24,32073.09,53,6,839.03
CUST-1645,45,61052.71,28,8,784.5
CUST-1646,31,39914.48,64,9,842.58
CUST-1647,48,53717.23,69,5,940.56
CUST-1648,69,61575.25,55,6,251.99
CUST-1649,36,61427.14,23,8,623.34
CUST-1650,64,63438.42,45,4,806.85
CUST-1651,33,87274.23,70,9,859.05
CUST-1652,22,64070.69,22,8,1176.19
CUST-1653,52,50116.87,71,6,937.43
CUST-1654,29,74281.74,88,6,400.55
CUST-1655,42,78789.41,52,5,891.21
CUST-1656,69,30447.84,72,10,1047.39
CUST-1657,38,66948.0,35,7,267.02
CUST-1658,53,69023.45,27,4,869.31
CUST-1659,40,49048.73,57,9,506.05
CUST-1660,33,82514.14,26,5,271.03
CUST-1661,56,51998.89,73,5,674.95
CUST-1662,62,57511.53,65,9,1142.38
CUST-1663,59,51538.56,47,7,638.46
CUST-1664,56,55311.58,18,8,959.29
CUST-1665,31,33074.5,55,7,478.37
CUST-1666,48,26198.98,26,9,830.58
CUST-1667,22,86890.1,71,7,1026.62
CUST-1668,52,38060.77,43,4,553.7
CUST-1669,40,35172.15,28,7,410.51
CUST-1670,46,15000.0,19,10,976.8
CUST-1671,60,42220.77,53,10,1186.73
CUST-1672,28,28538.2,37,5,1029.31
CUST-1673,35,87840.3,26,7,817.22
CUST-1674,64,75196.34,77,8,678.5
CUST-1675,29,41236.99,25,9,511.69
CUST-1676,26,100048.72,59,7,687.83
CUST-1677,27,74635.31,32,4,659.58
CUST-1678,61,48503.37,72,10,256.98
CUST-1679,34,15000.0,71,5,658.43
CUST-1680,55,100818.85,28,4,774.29
CUST-1681,24,27208.55,55,4,1062.2
CUST-1682,63,22092.03,30,10,738.02
CUST-1683,30,75451.41,54,8,1189.45
CUST-1684,57,103795.05,24,7,215.82
CUST-1685,59,82685.46,88,10,759.58
CUST-1686,26,66278.18,53,6,858.08
CUST-1687,67,66895.09,63,5,323.23
CUST-1688,44,72068.31,54,7,616.15
CUST-1689,19,70178.57,77,8,1089.88
CUST-1690,22,60623.83,21,6,936.24
CUST-1691,46,57084.02,75,5,1069.61
CUST-1692,54,53748.14,69,7,1170.24
CUST-1693,55,39920.71,87,4,941.6
CUST-1694,36,49386.5,74,9,331.65
CUST-1695,25,21140.86,68,9,1054.26
CUST-1696,65,53033.21,18,8,606.56
CUST-1697,62,35228.18,37,8,776.61
CUST-1698,18,32928.21,87,9,343.0
CUST-1699,39,58597.88,47,6,1138.89
CUST-1700,69,82840.05,74,7,756.78
CUST-1701,34,73366.33,46,8,995.93
CUST-1702,24,23589.99,77,7,872.76
CUST-1703,42,35207.44,56,10,418.21
CUST-1704,62,73815.42,37,7,200.65
CUST-1705,21,35350.25,57,5,253.51
CUST-1706,53,50507.34,69,7,658.32
CUST-1707,23,66001.04,30,8,293.78
CUST-1708,48,35633.11,73,5,1148.5
CUST-1709,36,57107.51,38,9,809.94
CUST-1710,61,28319.49,74,5,985.81
CUST-1711,56,42972.65,28,10,206.44
CUST-1712,44,61395.64,43,4,902.49
CUST-1713,27,23140.13,17,9,629.99
CUST-1714,43,63809.49,32,9,1199.56
CUST-1715,36,54607.24,28,6,230.46
CUST-1716,56,66049.8,36,10,846.6
CUST-1717,20,59478.28,30,4,668.33
CUST-1718,62,82282.81,68,10,826.32
CUST-1719,30,57504.49,45,4,1052.98
CUST-1720,67,46411.89,24,9,1196.4
CUST-1721,45,57445.95,59,6,953.73
CUST-1722,37,65865.96,24,10,665.68
CUST-1723,45,55977.2,72,6,373.5
CUST-1724,25,55811.83,80,6,1001.45
CUST-1725,58,40960.17,77,6,950.77
CUST-1726,56,41741.98,58,10,972.77
CUST-1727,18,26947.89,47,5,877.39
CUST-1728,20,89991.53,55,10,1127.36
CUST-1729,30,30122.74,65,9,219.16
CUST-1730,45,41141.9,79,6,724.74
CUST-1731,66,40631.85,64,6,618.58
CUST-1732,42,72898.49,64,8,1161.49
CUST-1733,50,49101.01,78,6,837.09
CUST-1734,55,79954.84,32,9,878.5
CUST-1735,23,41530.19,43,5,819.62
CUST-1736,61,60579.88,52,6,706.33
CUST-1737,62,38293.06,64,6,539.77
CUST-1738,49,97902.98,28,7,878.11
CUST-1739,62,31248.03,75,9,994.48
CUST-1740,64,61196.41,71,6,1049.53
CUST-1741,38,67675.54,57,5,1191.7
CUST-1742,33,63275.98,78,7,385.73
CUST-1743,38,51294.25,19,9,261.81
CUST-1744,28,52403.59,24,10,362.79
CUST-1745,54,55876.23,46,10,1168.08
CUST-1746,53,52059.96,40,10,701.52
CUST-1747,52,74277.58,39,9,260.1
CUST-1748,36,99210.46,88,5,847.52
CUST-1749,37,43850.16,25,6,1104.36
CUST-1750,35,27603.94,20,6,957.05
CUST-1751,64,53234.36,30,6,412.45
CUST-1752,58,106594.19,68,7,611.2
CUST-1753,66,38926.51,49,10,1084.59
CUST-1754,31,87782.34,27,10,495.07
CUST-1755,32,88554.02,63,10,307.06
CUST-1756,48,43928.24,81,9,1140.22
CUST-1757,18,66379.66,36,4,1063.14
CUST-1758,20,87567.93,77,8,731.45
CUST-1759,33,47417.45,53,8,692.82
CUST-1760,40,50928.39,67,10,633.84
CUST-1761,28,43366.38,36,4,590.12
CUST-1762,29,34704.87,85,4,245.25
CUST-1763,27,42014.45,62,10,858.66
CUST-1764,49,30521.19,33,8,1020.98
CUST-1765,33,55681.67,38,6,610.86
CUST-1766,25,39600.54,25,4,1142.66
CUST-1767,55,59675.72,87,10,453.94
CUST-1768,29,23882.09,79,8,298.74
CUST-1769,41,61617.6,68,10,561.54
CUST-1770,45,71670.58,74,8,785.08
CUST-1771,25,15125.29,84,4,1095.7
CUST-1772,45,62481.13,17,4,899.71
CUST-1773,53,79553.38,66,9,1063.47
CUST-1774,43,30807.18,54,5,989.49
CUST-1775,25,88451.45,87,10,761.26
CUST-1776,67,63380.38,69,7,1183.57
CUST-1777,45,40899.76,88,10,1169.72
CUST-1778,45,53884.62,71,10,344.31
CUST-1779,54,66166.54,46,7,227.25
CUST-1780,58,56520.11,16,10,418.26
CUST-1781,53,65775.12,16,4,337.89
CUST-1782,44,36586.53,69,5,1023.55
CUST-1783,34,58387.22,37,9,1095.88
CUST-1784,26,26725.71,23,9,1005.71
CUST-1785,50,52775.48,32,9,409.06
CUST-1786,37,36921.85,32,9,666.69
CUST-1787,30,40289.4,60,9,765.69
CUST-1788,45,79721.86,29,10,339.6
CUST-1789,65,76826.2,30,9,961.88
CUST-1790,46,67182.76,28,4,475.76
CUST-1791,30,33153.74,50,7,318.64
CUST-1792,63,48671.83,73,4,620.76
CUST-1793,52,79261.95,49,5,1137.11
CUST-1794,23,57834.34,35,9,361.22
CUST-1795,35,101386.59,79,5,1171.15
CUST-1796,68,62866.36,32,4,914.75
CUST-1797,22,58840.98,28,10,617.67
CUST-1798,64,48817.67,30,6,973.57
CUST-1799,42,57670.82,50,4,848.24
CUST-1800,19,51950.6,35,7,881.35
CUST-1801,27,69162.17,63,7,1014.67
CUST-1802,47,74134.05,76,8,573.46
CUST-1803,67,39280.21,65,4,644.12
CUST-1804,62,28375.34,51,8,731.66
CUST-1805,22,18275.89,29,8,270.11
CUST-1806,50,65159.83,83,6,229.16
CUST-1807,18,32932.67,31,9,356.28
CUST-1808,35,15000.0,43,8,910.11
CUST-1809,49,62771.57,18,9,517.69
CUST-1810,64,104859.99,30,6,462.34
CUST-1811,66,54878.58,60,5,1086.18
CUST-1812,28,71769.82,72,6,291.37
CUST-1813,38,56636.59,33,5,877.44
CUST-1814,43,53022.21,54,7,643.9
CUST-1815,42,73381.53,60,10,1032.93
CUST-1816,39,49194.51,21,5,437.14
CUST-1817,44,60347.85,19,8,1115.06
CUST-1818,66,61433.96,47,5,1044.21
CUST-1819,30,41638.19,55,5,714.1
CUST-1820,50,74840.85,21,6,759.41
CUST-1821,51,51500.8,26,6,1178.35
CUST-1822,58,39885.1,19,10,595.16
CUST-1823,52,65730.2,56,6,545.81
CUST-1824,18,37030.64,85,6,1146.76
CUST-1825,38,55563.62,37,10,465.93
CUST-1826,65,54817.62,18,4,803.53
CUST-1827,23,76717.91,29,4,630.98
CUST-1828,45,64493.96,88,10,265.69
CUST-1829,34,54499.46,62,8,507.22
CUST-1830,22,71355.33,45,4,360.23
CUST-1831,48,82804.15,40,5,1097.96
CUST-1832,22,66156.21,73,9,300.25
CUST-1833,55,55207.05,56,4,861.72
CUST-1834,20,28763.28,63,5,276.81
CUST-1835,40,33697.73,26,8,1034.95
CUST-1836,54,48895.51,60,10,335.46
CUST-1837,54,42809.76,79,9,1068.41
CUST-1838,27,51260.57,57,5,250.62
CUST-1839,27,56133.0,31,4,209.69
CUST-1840,36,65593.86,74,5,1146.76
CUST-1841,34,53590.02,72,7,513.71
CUST-1842,38,64730.03,63,5,788.35
CUST-1843,31,56289.49,19,10,206.26
CUST-1844,26,15490.67,74,6,909.44
CUST-1845,63,36213.29,87,10,331.97
CUST-1846,18,52118.25,61,10,250.57
CUST-1847,68,30806.11,27,8,1032.36
CUST-1848,62,66998.57,32,10,424.32
CUST-1849,30,85615.02,51,8,287.59
CUST-1850,21,79375.24,51,7,250.56
CUST-1851,18,50731.14,62,7,487.33
CUST-1852,66,84814.52,38,9,952.47
CUST-1853,57,57973.35,67,7,959.09
CUST-1854,49,48258.28,44,6,684.39
CUST-1855,51,42731.95,62,9,752.76
CUST-1856,45,48950.61,36,8,960.16
CUST-1857,48,47236.46,44,7,933.91
CUST-1858,25,58408.32,78,7,607.72
CUST-1859,56,58211.48,31,5,256.68
CUST-1860,43,55060.92,45,8,537.53
CUST-1861,51,63738.76,49,8,446.52
CUST-1862,20,78812.93,37,7,1095.69
CUST-1863,67,73991.08,51,4,429.99
CUST-1864,29,25302.04,34,9,440.53
CUST-1865,18,15000.0,72,7,873.09
CUST-1866,61,73686.4,19,5,596.99
CUST-1867,22,27662.43,35,10,937.95
CUST-1868,47,50504.69,52,9,871.27
CUST-1869,47,31597.74,59,5,230.02
CUST-1870,34,18960.39,24,5,704.62
CUST-1871,65,65829.25,83,6,369.06
CUST-1872,64,70183.1,46,6,777.81
CUST-1873,40,43469.79,76,10,489.44
CUST-1874,32,15000.0,68,5,634.36
CUST-1875,54,44075.11,25,5,818.77
CUST-1876,38,62836.08,32,9,223.53
CUST-1877,31,25421.77,46,6,478.94
CUST-1878,19,58667.2,26,10,299.55
CUST-1879,28,54693.8,86,5,723.6
CUST-1880,68,66585.83,27,10,670.95
CUST-1881,56,57391.61,80,10,410.32
CUST-1882,55,35538.62,86,5,802.47
CUST-1883,51,78931.43,19,7,261.01
CUST-1884,55,51829.41,55,5,873.84
CUST-1885,67,54453.91,82,7,351.78
CUST-1886,51,36334.64,42,4,1143.93
CUST-1887,35,46134.35,64,5,775.36
CUST-1888,47,37303.95,45,7,475.92
CUST-1889,32,51541.08,40,8,664.07
CUST-1890,44,89234.17,57,4,825.33
CUST-1891,68,27561.98,57,10,259.94
CUST-1892,51,22728.77,37,4,1049.45
CUST-1893,69,84423.41,42,4,1196.91
CUST-1894,55,50813.53,47,5,794.14
CUST-1895,50,41618.55,27,4,665.34
CUST-1896,41,75798.09,88,5,281.6
CUST-1897,32,42887.69,63,7,682.71
CUST-1898,47,91520.19,81,4,872.85
CUST-1899,59,68558.52,51,9,495.93
CUST-1900,68,45241.77,46,4,1165.3
CUST-1901,34,98146.16,44,10,1090.38
CUST-1902,22,42885.7,43,7,763.92
CUST-1903,46,69841.91,39,8,269.39
CUST-1904,21,60985.85,33,9,1000.21
CUST-1905,27,81034.83,73,7,350.69
CUST-1906,34,86230.22,85,7,1191.45
CUST-1907,27,55640.08,37,9,984.77
CUST-1908,34,39931.64,76,7,805.48
CUST-1909,37,64199.44,48,8,879.63
CUST-1910,41,41445.69,33,9,495.82
CUST-1911,22,95267.74,31,6,1124.29
CUST-1912,51,57730.71,36,6,793.46
CUST-1913,23,47693.57,85,7,523.53
CUST-1914,19,58693.61,29,8,542.73
CUST-1915,30,28057.47,47,10,294.42
CUST-1916,60,35567.72,56,9,1118.4
CUST-1917,60,79008.28,20,8,1094.27
CUST-1918,65,41862.11,58,4,213.63
CUST-1919,28,34061.78,32,7,454.48
CUST-1920,68,65733.06,69,9,740.3
CUST-1921,64,78714.08,55,8,1157.63
CUST-1922,40,69379.07,50,8,714.46
CUST-1923,33,74920.95,85,10,748.87
CUST-1924,48,39864.1,37,5,807.14
CUST-1925,28,26563.79,87,10,680.05
CUST-1926,33,85026.67,59,10,281.04
CUST-1927,25,48546.4,54,10,1176.79
CUST-1928,21,49983.34,44,9,1073.62
CUST-1929,57,81563.88,35,9,663.81
CUST-1930,21,66124.6,73,8,505.74
CUST-1931,42,64117.76,81,8,1059.56
CUST-1932,20,98300.05,23,8,894.65
CUST-1933,49,42129.64,48,6,938.51
CUST-1934,20,73556.8,84,6,319.56
CUST-1935,44,56140.26,35,4,1004.1
CUST-1936,46,60371.85,34,9,292.5
CUST-1937,49,85569.37,58,8,873.7
CUST-1938,67,65156.72,72,9,507.53
CUST-1939,68,65765.92,68,8,1049.96
CUST-1940,36,76450.15,87,7,751.05
CUST-1941,38,47700.95,41,10,785.56
CUST-1942,22,38215.81,43,4,286.03
CUST-1943,35,34103.82,54,6,785.59
CUST-1944,45,15672.87,70,9,248.09
CUST-1945,59,96124.14,57,6,1132.54
CUST-1946,39,32935.83,58,6,889.31
CUST-1947,38,50574.93,61,7,507.77
CUST-1948,23,49463.73,57,7,1097.94
CUST-1949,18,61148.13,87,6,335.69
CUST-1950,22,71314.74,62,10,840.97
CUST-1951,58,72209.47,76,7,389.94
CUST-1952,29,43338.45,41,9,756.46
CUST-1953,43,51657.57,58,6,1111.34
CUST-1954,63,60651.6,61,8,515.77
CUST-1955,51,50026.18,28,4,1033.2
CUST-1956,66,87146.91,69,4,1166.55
CUST-1957,31,64819.5,19,6,1130.64
CUST-1958,43,69697.56,22,9,507.24
CUST-1959,62,68257.63,69,4,450.88
CUST-1960,44,78469.48,38,5,784.54
CUST-1961,26,58620.43,72,5,1015.77
CUST-1962,43,29063.36,44,6,276.72
CUST-1963,64,62993.76,29,9,261.1
CUST-1964,39,41972.86,32,6,651.74
CUST-1965,64,44427.67,45,7,600.7
CUST-1966,47,66727.28,66,9,587.27
CUST-1967,60,79765.66,62,8,642.03
CUST-1968,65,55425.43,53,10,614.96
CUST-1969,34,61176.66,22,9,335.36
CUST-1970,43,89044.3,56,5,677.42
CUST-1971,53,59815.06,22,8,311.21
CUST-1972,18,107033.66,67,4,326.82
CUST-1973,25,66310.19,68,7,362.66
CUST-1974,66,19784.74,32,7,408.83
CUST-1975,52,70066.83,19,4,241.96
CUST-1976,69,62623.17,65,4,298.59
CUST-1977,32,80795.06,23,8,454.26
CUST-1978,64,68463.63,51,5,729.97
CUST-1979,39,52230.88,58,6,792.77
CUST-1980,31,30514.04,33,7,496.33
CUST-1981,43,50819.53,31,6,351.45
CUST-1982,45,37989.59,74,10,795.68
CUST-1983,40,43389.53,32,10,1139.57
CUST-1984,31,66771.57,63,10,702.49
CUST-1985,41,88398.09,45,9,515.01
CUST-1986,19,62893.43,81,7,1115.79
CUST-1987,62,31082.34,51,5,506.97
CUST-1988,43,63892.05,86,8,324.35
CUST-1989,31,78932.63,73,5,1170.94
CUST-1990,68,42804.34,21,9,803.33
CUST-1991,24,52319.66,39,9,669.52
CUST-1992,20,55293.76,33,10,1195.64
CUST-1993,64,39302.03,45,4,1095.07
CUST-1994,40,67965.61,27,9,817.93
CUST-1995,63,52581.04,54,4,1073.87
CUST-1996,60,63390.65,44,4,766.89
CUST-1997,64,37250.16,30,5,843.96
CUST-1998,62,46250.83,59,9,327.1
CUST-1999,35,69447.63,22,6,659.33
CUST-2000,55,47543.34,53,8,1105.54
